"","start.station.id","end.station.id","ntrips"
"1",3192,3192,7657
"2",3199,3199,5014
"3",3276,3276,3166
"4",3205,3205,2675
"5",3194,3195,2398
"6",3193,3193,2384
"7",3639,3639,2203
"8",3203,3203,2098
"9",3203,3186,2045
"10",3195,3194,1980
"11",3679,3195,1886
"12",3276,3186,1883
"13",3267,3267,1788
"14",3279,3186,1735
"15",3186,3203,1712
"16",3195,3679,1708
"17",3638,3638,1629
"18",3186,3279,1621
"19",3184,3184,1595
"20",3792,3792,1595
"21",3186,3276,1483
"22",3187,3187,1463
"23",3280,3195,1459
"24",3202,3199,1425
"25",3678,3195,1417
"26",3270,3186,1369
"27",3186,3192,1360
"28",3195,3280,1353
"29",3192,3186,1310
"30",3275,3275,1298
"31",3195,3678,1250
"32",3269,3186,1246
"33",3213,3213,1243
"34",3209,3186,1242
"35",3792,3639,1232
"36",3199,3202,1228
"37",3639,3792,1216
"38",3267,3792,1212
"39",3185,3185,1203
"40",3639,3202,1176
"41",3202,3639,1157
"42",3792,3199,1128
"43",3186,3269,1116
"44",3186,3209,1096
"45",3791,3791,1092
"46",3278,3186,1085
"47",3792,3267,1082
"48",3202,3203,1060
"49",3186,3270,1038
"50",3195,3225,1009
"51",3186,3186,1003
"52",3199,3638,999
"53",3187,3199,995
"54",3186,3278,985
"55",3199,3187,984
"56",3202,3202,983
"57",3638,3199,978
"58",3186,3205,976
"59",3205,3186,974
"60",3213,3186,969
"61",3199,3639,965
"62",3203,3202,965
"63",3639,3199,961
"64",3192,3185,958
"65",3195,3193,939
"66",3186,3213,882
"67",3272,3203,863
"68",3203,3273,848
"69",3199,3203,831
"70",3199,3186,829
"71",3639,3186,824
"72",3199,3792,820
"73",3273,3203,816
"74",3203,3211,815
"75",3186,3268,789
"76",3275,3199,788
"77",3638,3202,782
"78",3199,3275,774
"79",3268,3186,763
"80",3185,3192,726
"81",3202,3638,700
"82",3186,3272,682
"83",3203,3272,674
"84",3210,3210,673
"85",3211,3203,672
"86",3199,3267,671
"87",3185,3203,657
"88",3203,3199,654
"89",3225,3186,651
"90",3681,3681,647
"91",3186,3483,645
"92",3186,3639,644
"93",3199,3205,639
"94",3792,3202,636
"95",3202,3187,628
"96",3193,3195,624
"97",3268,3268,618
"98",3186,3267,617
"99",3272,3272,611
"100",3225,3195,610
"101",3198,3198,606
"102",3186,3199,598
"103",3267,3186,590
"104",3214,3214,582
"105",3792,3276,582
"106",3192,3205,578
"107",3195,3195,570
"108",3211,3211,567
"109",3185,3276,564
"110",3205,3199,562
"111",3209,3209,555
"112",3276,3792,545
"113",3792,3186,544
"114",3184,3199,536
"115",3203,3185,536
"116",3267,3199,527
"117",3273,3273,525
"118",3199,3184,522
"119",3199,3276,521
"120",3186,3225,520
"121",3481,3481,519
"122",3202,3792,516
"123",3276,3184,508
"124",3276,3192,506
"125",3483,3186,506
"126",3677,3195,503
"127",3639,3276,498
"128",3192,3792,496
"129",3270,3270,491
"130",3267,3276,490
"131",3276,3185,483
"132",3276,3199,480
"133",3792,3192,479
"134",3187,3202,478
"135",3205,3192,477
"136",3269,3273,477
"137",3184,3267,476
"138",3272,3186,476
"139",3184,3792,474
"140",3276,3639,472
"141",3681,3186,472
"142",3276,3214,469
"143",3195,3677,468
"144",3202,3186,467
"145",3279,3279,465
"146",3275,3202,459
"147",3205,3185,458
"148",3192,3276,456
"149",3639,3203,454
"150",3640,3201,448
"151",3211,3205,447
"152",3187,3186,446
"153",3203,3187,442
"154",3267,3202,441
"155",3792,3187,441
"156",3195,3191,440
"157",3638,3792,438
"158",3185,3186,434
"159",3277,3277,434
"160",3186,3185,433
"161",3191,3191,429
"162",3276,3202,422
"163",3205,3203,421
"164",3639,3192,421
"165",3187,3275,420
"166",3205,3276,420
"167",3203,3639,419
"168",3185,3199,417
"169",3199,3192,417
"170",3267,3184,415
"171",3792,3638,415
"172",3276,3205,412
"173",3202,3275,411
"174",3187,3203,407
"175",3203,3276,403
"176",3481,3186,400
"177",3202,3791,399
"178",3638,3639,399
"179",3268,3185,394
"180",3278,3278,384
"181",3483,3199,384
"182",3187,3267,383
"183",3792,3184,382
"184",3199,3185,381
"185",3276,3203,381
"186",3211,3192,376
"187",3213,3203,376
"188",3280,3280,376
"189",3203,3213,375
"190",3639,3184,374
"191",3184,3276,373
"192",3214,3276,372
"193",3186,3187,371
"194",3225,3225,370
"195",3186,3792,368
"196",3187,3276,367
"197",3199,3483,365
"198",3203,3205,365
"199",3272,3269,364
"200",3275,3187,364
"201",3276,3187,362
"202",3192,3639,359
"203",3184,3202,358
"204",3185,3268,356
"205",3186,3481,356
"206",3195,3210,356
"207",3202,3276,354
"208",3186,3202,349
"209",3792,3214,349
"210",3272,3278,348
"211",3638,3186,347
"212",3211,3186,346
"213",3276,3213,346
"214",3639,3267,346
"215",3267,3639,345
"216",3278,3273,344
"217",3192,3211,343
"218",3185,3639,342
"219",3202,3267,342
"220",3192,3213,340
"221",3791,3202,340
"222",3203,3184,339
"223",3211,3209,339
"224",3270,3211,339
"225",3272,3270,339
"226",3639,3638,338
"227",3681,3199,338
"228",3202,3192,335
"229",3203,3792,335
"230",3210,3195,335
"231",3187,3205,332
"232",3267,3187,331
"233",3184,3186,329
"234",3185,3267,328
"235",3199,3214,328
"236",3267,3185,328
"237",3205,3187,327
"238",3276,3638,327
"239",3205,3202,326
"240",3269,3269,324
"241",3186,3211,323
"242",3211,3270,320
"243",3192,3268,318
"244",3270,3273,318
"245",3639,3185,318
"246",3202,3681,317
"247",3269,3211,317
"248",3273,3270,315
"249",3186,3681,314
"250",3191,3195,314
"251",3209,3211,312
"252",3273,3269,311
"253",3276,3267,311
"254",3199,3681,310
"255",3185,3202,309
"256",3202,3184,309
"257",3186,3277,308
"258",3213,3185,308
"259",3214,3199,308
"260",3278,3211,308
"261",3681,3202,308
"262",3211,3639,305
"263",3201,3640,304
"264",3207,3640,304
"265",3211,3213,303
"266",3184,3638,302
"267",3184,3185,301
"268",3203,3638,301
"269",3640,3210,301
"270",3192,3199,300
"271",3214,3202,300
"272",3638,3267,300
"273",3792,3203,300
"274",3194,3679,299
"275",3213,3276,298
"276",3638,3276,298
"277",3187,3792,294
"278",3202,3214,294
"279",3211,3269,292
"280",3184,3639,291
"281",3640,3207,291
"282",3184,3203,289
"283",3187,3639,289
"284",3192,3184,288
"285",3195,3199,284
"286",3213,3192,284
"287",3275,3639,284
"288",3198,3196,283
"289",3211,3278,282
"290",3638,3184,282
"291",3792,3185,282
"292",3205,3211,280
"293",3638,3203,280
"294",3639,3187,280
"295",3187,3638,279
"296",3267,3192,278
"297",3202,3205,277
"298",3209,3185,275
"299",3185,3681,273
"300",3639,3205,273
"301",3185,3213,272
"302",3202,3185,271
"303",3273,3639,271
"304",3213,3199,269
"305",3214,3186,268
"306",3192,3681,266
"307",3213,3205,266
"308",3267,3638,266
"309",3275,3276,266
"310",3198,3199,265
"311",3275,3638,265
"312",3681,3792,265
"313",3694,3694,265
"314",3272,3209,263
"315",3207,3195,258
"316",3267,3275,257
"317",3205,3792,256
"318",3214,3792,256
"319",3275,3203,256
"320",3185,3184,255
"321",3185,3792,255
"322",3199,3211,255
"323",3275,3267,255
"324",3185,3638,254
"325",3199,3213,254
"326",3206,3206,254
"327",3277,3186,254
"328",3276,3211,253
"329",3187,3192,252
"330",3269,3203,252
"331",3275,3186,252
"332",3203,3269,251
"333",3205,3214,251
"334",3184,3192,250
"335",3270,3272,250
"336",3196,3198,249
"337",3276,3275,249
"338",3639,3272,249
"339",3194,3280,247
"340",3185,3481,246
"341",3278,3792,246
"342",3225,3792,245
"343",3269,3272,245
"344",3213,3187,244
"345",3185,3205,243
"346",3192,3202,242
"347",3192,3272,242
"348",3268,3192,242
"349",3273,3272,241
"350",3205,3272,240
"351",3272,3192,240
"352",3272,3213,240
"353",3273,3199,239
"354",3275,3184,238
"355",3275,3205,238
"356",3210,3640,237
"357",3205,3275,236
"358",3211,3276,236
"359",3199,3273,235
"360",3194,3194,234
"361",3195,3206,234
"362",3203,3192,234
"363",3201,3201,233
"364",3213,3272,233
"365",3639,3211,233
"366",3280,3193,232
"367",3638,3192,232
"368",3192,3638,231
"369",3196,3196,229
"370",3205,3184,229
"371",3639,3279,229
"372",3483,3187,226
"373",3638,3275,226
"374",3186,3184,225
"375",3681,3638,225
"376",3193,3280,224
"377",3279,3639,224
"378",3203,3270,221
"379",3681,3185,221
"380",3187,3483,219
"381",3207,3207,219
"382",3214,3267,219
"383",3270,3185,219
"384",3186,3214,218
"385",3209,3792,218
"386",3275,3792,218
"387",3639,3275,218
"388",3792,3275,218
"389",3678,3186,215
"390",3678,3678,215
"391",3187,3681,214
"392",3192,3187,214
"393",3205,3213,214
"394",3679,3193,214
"395",3272,3205,213
"396",3187,3184,212
"397",3203,3209,212
"398",3209,3272,212
"399",3267,3205,212
"400",3192,3267,211
"401",3203,3275,211
"402",3205,3639,211
"403",3213,3202,208
"404",3187,3214,207
"405",3273,3278,207
"406",3275,3192,206
"407",3207,3791,205
"408",3281,3640,205
"409",3638,3681,205
"410",3679,3679,205
"411",3211,3185,204
"412",3273,3276,204
"413",3220,3210,203
"414",3273,3209,203
"415",3791,3203,201
"416",3278,3272,200
"417",3185,3209,199
"418",3198,3210,199
"419",3211,3199,199
"420",3792,3205,198
"421",3186,3275,197
"422",3483,3639,197
"423",3681,3276,197
"424",3192,3277,196
"425",3184,3275,195
"426",3186,3638,195
"427",3202,3270,195
"428",3209,3203,194
"429",3792,3211,194
"430",3184,3187,193
"431",3202,3272,193
"432",3213,3792,193
"433",3272,3639,193
"434",3203,3791,192
"435",3276,3681,192
"436",3209,3273,191
"437",3681,3187,191
"438",3213,3639,190
"439",3681,3211,189
"440",3638,3187,188
"441",3792,3681,188
"442",3639,3483,187
"443",3194,3225,186
"444",3199,3791,186
"445",3202,3278,186
"446",3276,3678,186
"447",3203,3267,185
"448",3214,3205,185
"449",3269,3199,185
"450",3199,3269,184
"451",3211,3187,184
"452",3211,3792,184
"453",3791,3199,184
"454",3202,3213,183
"455",3202,3269,183
"456",3203,3681,183
"457",3225,3205,183
"458",3199,3272,182
"459",3639,3213,182
"460",3225,3185,181
"461",3270,3205,181
"462",3681,3275,181
"463",3791,3207,181
"464",3192,3275,179
"465",3194,3186,179
"466",3202,3198,179
"467",3481,3792,179
"468",3638,3205,179
"469",3185,3211,177
"470",3199,3198,176
"471",3276,3273,175
"472",3277,3192,175
"473",3185,3270,174
"474",3205,3267,174
"475",3206,3792,174
"476",3273,3186,174
"477",3483,3275,174
"478",3638,3185,174
"479",3195,3201,173
"480",3199,3270,173
"481",3205,3681,173
"482",3195,3212,172
"483",3195,3694,172
"484",3213,3211,172
"485",3214,3184,171
"486",3192,3203,170
"487",3205,3638,170
"488",3681,3184,170
"489",3195,3203,169
"490",3202,3483,169
"491",3272,3185,169
"492",3481,3185,169
"493",3677,3193,169
"494",3681,3192,168
"495",3681,3203,168
"496",3198,3202,167
"497",3187,3213,166
"498",3213,3184,166
"499",3268,3205,166
"500",3270,3199,166
"501",3483,3483,166
"502",3269,3213,165
"503",3184,3205,164
"504",3187,3185,164
"505",3202,3211,164
"506",3214,3275,164
"507",3273,3202,164
"508",3678,3276,164
"509",3199,3481,163
"510",3203,3483,163
"511",3214,3185,163
"512",3273,3187,163
"513",3277,3185,163
"514",3279,3792,163
"515",3483,3638,163
"516",3792,3270,163
"517",3186,3273,162
"518",3275,3185,162
"519",3193,3678,161
"520",3205,3225,161
"521",3267,3203,161
"522",3270,3202,161
"523",3185,3275,160
"524",3195,3211,160
"525",3270,3792,160
"526",3276,3791,160
"527",3639,3681,160
"528",3638,3211,159
"529",3205,3268,158
"530",3792,3791,158
"531",3187,3278,157
"532",3207,3210,157
"533",3211,3268,157
"534",3213,3267,157
"535",3267,3681,157
"536",3269,3185,157
"537",3792,3268,157
"538",3483,3203,156
"539",3185,3187,155
"540",3209,3639,155
"541",3270,3275,155
"542",3275,3214,154
"543",3681,3639,154
"544",3193,3679,153
"545",3205,3270,153
"546",3225,3192,153
"547",3185,3225,152
"548",3211,3272,152
"549",3269,3276,152
"550",3638,3483,152
"551",3791,3276,152
"552",3185,3214,151
"553",3213,3681,151
"554",3681,3267,151
"555",3187,3211,150
"556",3792,3225,150
"557",3267,3213,149
"558",3195,3207,148
"559",3199,3279,148
"560",3225,3213,148
"561",3278,3185,148
"562",3639,3273,148
"563",3191,3694,147
"564",3193,3194,147
"565",3199,3209,145
"566",3185,3277,144
"567",3202,3273,144
"568",3211,3184,144
"569",3268,3792,144
"570",3638,3791,144
"571",3187,3269,143
"572",3195,3281,143
"573",3211,3202,143
"574",3211,3638,143
"575",3214,3638,143
"576",3278,3199,143
"577",3792,3213,143
"578",3199,3677,142
"579",3206,3203,142
"580",3206,3211,142
"581",3210,3220,142
"582",3269,3202,142
"583",3191,3193,141
"584",3195,3186,141
"585",3210,3207,141
"586",3211,3681,141
"587",3214,3203,141
"588",3267,3214,141
"589",3269,3792,141
"590",3272,3202,141
"591",3279,3185,141
"592",3640,3281,141
"593",3791,3638,141
"594",3184,3211,140
"595",3194,3640,140
"596",3207,3211,140
"597",3225,3194,140
"598",3185,3483,139
"599",3195,3202,139
"600",3214,3639,139
"601",3275,3483,139
"602",3278,3638,139
"603",3640,3194,139
"604",3792,3278,139
"605",3792,3481,139
"606",3203,3214,138
"607",3209,3275,138
"608",3678,3677,138
"609",3193,3225,137
"610",3483,3202,137
"611",3186,3194,136
"612",3205,3273,136
"613",3225,3193,136
"614",3638,3213,136
"615",3677,3677,136
"616",3681,3205,136
"617",3694,3195,136
"618",3792,3269,136
"619",3211,3267,135
"620",3267,3211,135
"621",3192,3483,134
"622",3210,3198,134
"623",3212,3195,134
"624",3270,3203,133
"625",3792,3209,133
"626",3202,3481,132
"627",3272,3273,132
"628",3677,3276,132
"629",3192,3273,131
"630",3198,3206,131
"631",3206,3195,131
"632",3210,3212,131
"633",3268,3276,131
"634",3184,3681,130
"635",3278,3187,129
"636",3206,3202,128
"637",3209,3205,128
"638",3211,3279,128
"639",3278,3639,128
"640",3481,3202,128
"641",3185,3272,127
"642",3195,3792,127
"643",3481,3276,127
"644",3483,3279,127
"645",3638,3214,127
"646",3184,3481,126
"647",3209,3199,126
"648",3210,3211,126
"649",3211,3214,126
"650",3214,3192,126
"651",3184,3213,125
"652",3185,3278,125
"653",3481,3639,125
"654",3639,3214,125
"655",3639,3270,125
"656",3269,3187,124
"657",3272,3199,124
"658",3206,3225,123
"659",3270,3639,123
"660",3195,3277,122
"661",3210,3186,122
"662",3694,3186,122
"663",3184,3214,121
"664",3193,3201,121
"665",3195,3640,121
"666",3211,3791,121
"667",3267,3270,121
"668",3792,3272,121
"669",3206,3209,120
"670",3269,3638,120
"671",3205,3209,119
"672",3275,3681,119
"673",3279,3199,119
"674",3791,3192,119
"675",3791,3211,119
"676",3192,3214,118
"677",3186,3280,117
"678",3192,3481,117
"679",3192,3791,117
"680",3193,3677,117
"681",3194,3193,117
"682",3638,3278,117
"683",3791,3186,117
"684",3275,3211,116
"685",3187,3270,115
"686",3269,3275,115
"687",3483,3213,115
"688",3639,3209,115
"689",3639,3791,115
"690",3225,3202,114
"691",3269,3267,114
"692",3193,3191,113
"693",3212,3211,113
"694",3213,3225,113
"695",3225,3199,113
"696",3267,3269,113
"697",3273,3192,113
"698",3278,3203,113
"699",3187,3272,112
"700",3203,3279,112
"701",3206,3198,112
"702",3212,3210,112
"703",3276,3209,112
"704",3276,3272,112
"705",3281,3281,112
"706",3638,3272,112
"707",3677,3199,112
"708",3185,3279,111
"709",3209,3187,111
"710",3209,3213,111
"711",3213,3269,111
"712",3213,3275,111
"713",3277,3205,111
"714",3280,3186,111
"715",3483,3276,111
"716",3639,3481,111
"717",3214,3187,110
"718",3279,3192,110
"719",3679,3186,110
"720",3206,3186,109
"721",3209,3192,109
"722",3481,3192,109
"723",3194,3199,108
"724",3199,3225,108
"725",3213,3481,108
"726",3272,3187,108
"727",3184,3209,107
"728",3213,3273,107
"729",3270,3187,107
"730",3275,3270,107
"731",3481,3199,107
"732",3638,3269,107
"733",3681,3213,107
"734",3205,3277,106
"735",3206,3199,106
"736",3209,3276,106
"737",3211,3481,106
"738",3276,3677,106
"739",3277,3792,106
"740",3195,3196,105
"741",3198,3195,105
"742",3201,3193,105
"743",3272,3211,105
"744",3276,3269,105
"745",3276,3270,105
"746",3279,3681,105
"747",3639,3269,105
"748",3639,3278,105
"749",3792,3273,105
"750",3192,3225,104
"751",3193,3186,104
"752",3225,3206,104
"753",3270,3276,104
"754",3481,3203,104
"755",3186,3198,103
"756",3196,3195,103
"757",3211,3225,103
"758",3272,3276,103
"759",3481,3187,103
"760",3483,3185,103
"761",3640,3195,103
"762",3694,3275,103
"763",3791,3273,103
"764",3184,3272,102
"765",3193,3640,102
"766",3196,3186,102
"767",3267,3481,102
"768",3280,3194,102
"769",3640,3193,102
"770",3213,3638,101
"771",3269,3184,101
"772",3269,3205,101
"773",3270,3267,101
"774",3281,3195,101
"775",3639,3220,101
"776",3792,3279,101
"777",3225,3211,100
"778",3270,3213,100
"779",3279,3203,100
"780",3483,3192,100
"781",3678,3193,100
"782",3184,3279,99
"783",3206,3640,99
"784",3209,3638,99
"785",3272,3279,99
"786",3194,3678,98
"787",3195,3209,98
"788",3205,3279,98
"789",3212,3640,98
"790",3276,3481,98
"791",3481,3184,98
"792",3640,3640,98
"793",3203,3278,97
"794",3481,3211,97
"795",3194,3192,96
"796",3638,3273,96
"797",3186,3791,95
"798",3187,3273,95
"799",3269,3278,95
"800",3275,3209,95
"801",3203,3481,94
"802",3211,3275,94
"803",3272,3275,94
"804",3481,3213,94
"805",3640,3206,94
"806",3185,3269,93
"807",3194,3205,93
"808",3268,3211,93
"809",3276,3483,93
"810",3278,3202,93
"811",3279,3187,93
"812",3481,3275,93
"813",3184,3483,92
"814",3194,3185,92
"815",3205,3269,92
"816",3220,3199,92
"817",3225,3269,92
"818",3275,3272,92
"819",3278,3681,92
"820",3280,3268,92
"821",3792,3277,92
"822",3185,3273,91
"823",3187,3194,91
"824",3196,3211,91
"825",3205,3791,91
"826",3214,3211,91
"827",3268,3280,91
"828",3270,3269,91
"829",3273,3211,91
"830",3279,3267,91
"831",3279,3272,91
"832",3678,3280,91
"833",3791,3187,91
"834",3187,3481,90
"835",3192,3280,90
"836",3269,3209,90
"837",3269,3270,90
"838",3275,3279,90
"839",3186,3220,89
"840",3192,3270,89
"841",3206,3212,89
"842",3209,3202,89
"843",3213,3268,89
"844",3225,3638,89
"845",3275,3269,89
"846",3483,3184,89
"847",3194,3694,88
"848",3199,3278,88
"849",3205,3206,88
"850",3209,3184,88
"851",3211,3206,88
"852",3212,3186,88
"853",3225,3483,88
"854",3273,3791,88
"855",3273,3792,88
"856",3186,3694,87
"857",3199,3206,87
"858",3199,3220,87
"859",3206,3275,87
"860",3220,3186,87
"861",3272,3638,87
"862",3279,3205,87
"863",3279,3211,87
"864",3280,3678,87
"865",3483,3205,87
"866",3640,3225,87
"867",3791,3639,87
"868",3192,3279,86
"869",3195,3198,86
"870",3206,3187,86
"871",3270,3638,86
"872",3275,3481,86
"873",3279,3184,86
"874",3280,3679,86
"875",3791,3792,86
"876",3196,3210,85
"877",3198,3186,85
"878",3206,3210,85
"879",3209,3267,85
"880",3791,3267,85
"881",3184,3268,84
"882",3199,3195,84
"883",3207,3186,84
"884",3212,3212,84
"885",3225,3679,84
"886",3272,3792,84
"887",3640,3280,84
"888",3184,3269,83
"889",3184,3270,83
"890",3187,3206,83
"891",3195,3192,83
"892",3207,3199,83
"893",3213,3209,83
"894",3220,3220,83
"895",3225,3640,83
"896",3267,3278,83
"897",3273,3213,83
"898",3278,3184,83
"899",3279,3275,83
"900",3281,3210,83
"901",3225,3184,82
"902",3270,3681,82
"903",3273,3267,82
"904",3481,3205,82
"905",3481,3267,82
"906",3638,3270,82
"907",3679,3280,82
"908",3187,3209,81
"909",3206,3205,81
"910",3209,3681,81
"911",3213,3483,81
"912",3276,3278,81
"913",3483,3278,81
"914",3639,3225,81
"915",3678,3194,81
"916",3210,3199,80
"917",3225,3203,80
"918",3269,3639,80
"919",3791,3205,80
"920",3194,3276,79
"921",3196,3199,79
"922",3280,3694,79
"923",3640,3199,79
"924",3195,3638,78
"925",3214,3681,78
"926",3273,3185,78
"927",3273,3681,78
"928",3184,3278,77
"929",3194,3792,77
"930",3195,3213,77
"931",3203,3198,77
"932",3210,3202,77
"933",3211,3273,77
"934",3220,3202,77
"935",3198,3203,76
"936",3206,3639,76
"937",3270,3192,76
"938",3272,3184,76
"939",3483,3211,76
"940",3198,3211,75
"941",3199,3194,75
"942",3202,3225,75
"943",3203,3195,75
"944",3211,3483,75
"945",3277,3276,75
"946",3638,3225,75
"947",3203,3206,74
"948",3210,3196,74
"949",3268,3213,74
"950",3270,3278,74
"951",3275,3213,74
"952",3791,3198,74
"953",3198,3212,73
"954",3220,3195,73
"955",3270,3184,73
"956",3275,3694,73
"957",3483,3792,73
"958",3638,3209,73
"959",3186,3679,72
"960",3187,3791,72
"961",3196,3202,72
"962",3202,3279,72
"963",3205,3481,72
"964",3213,3270,72
"965",3269,3681,72
"966",3640,3792,72
"967",3681,3483,72
"968",3225,3187,71
"969",3267,3273,71
"970",3277,3214,71
"971",3483,3681,71
"972",3186,3196,70
"973",3186,3206,70
"974",3201,3678,70
"975",3205,3198,70
"976",3206,3192,70
"977",3206,3276,70
"978",3211,3195,70
"979",3225,3201,70
"980",3278,3267,70
"981",3279,3202,70
"982",3638,3279,70
"983",3679,3194,70
"984",3186,3210,69
"985",3202,3193,69
"986",3212,3198,69
"987",3267,3791,69
"988",3481,3638,69
"989",3640,3202,69
"990",3184,3273,68
"991",3186,3678,68
"992",3192,3194,68
"993",3196,3209,68
"994",3206,3638,68
"995",3273,3638,68
"996",3278,3269,68
"997",3279,3276,68
"998",3483,3210,68
"999",3195,3220,67
"1000",3210,3206,67
"1001",3268,3272,67
"1002",3279,3483,67
"1003",3280,3211,67
"1004",3483,3268,67
"1005",3681,3481,67
"1006",3694,3280,67
"1007",3185,3193,66
"1008",3194,3202,66
"1009",3195,3205,66
"1010",3212,3209,66
"1011",3214,3277,66
"1012",3481,3681,66
"1013",3483,3481,66
"1014",3677,3280,66
"1015",3194,3203,65
"1016",3194,3211,65
"1017",3206,3193,65
"1018",3213,3214,65
"1019",3220,3639,65
"1020",3273,3184,65
"1021",3681,3209,65
"1022",3694,3194,65
"1023",3201,3195,64
"1024",3202,3206,64
"1025",3205,3483,64
"1026",3207,3196,64
"1027",3212,3206,64
"1028",3278,3213,64
"1029",3278,3270,64
"1030",3694,3184,64
"1031",3184,3225,63
"1032",3186,3193,63
"1033",3193,3185,63
"1034",3195,3187,63
"1035",3201,3225,63
"1036",3206,3269,63
"1037",3207,3198,63
"1038",3207,3209,63
"1039",3210,3279,63
"1040",3211,3193,63
"1041",3213,3277,63
"1042",3278,3192,63
"1043",3279,3210,63
"1044",3677,3678,63
"1045",3192,3195,62
"1046",3192,3209,62
"1047",3198,3792,62
"1048",3210,3209,62
"1049",3210,3281,62
"1050",3267,3279,62
"1051",3276,3279,62
"1052",3280,3277,62
"1053",3196,3203,61
"1054",3272,3268,61
"1055",3272,3681,61
"1056",3276,3277,61
"1057",3278,3205,61
"1058",3281,3199,61
"1059",3483,3225,61
"1060",3639,3194,61
"1061",3196,3206,60
"1062",3202,3212,60
"1063",3203,3268,60
"1064",3268,3203,60
"1065",3277,3268,60
"1066",3279,3481,60
"1067",3640,3212,60
"1068",3677,3205,60
"1069",3679,3640,60
"1070",3194,3483,59
"1071",3202,3209,59
"1072",3203,3225,59
"1073",3225,3275,59
"1074",3272,3791,59
"1075",3638,3206,59
"1076",3679,3184,59
"1077",3694,3792,59
"1078",3792,3198,59
"1079",3792,3206,59
"1080",3198,3638,58
"1081",3267,3209,58
"1082",3280,3192,58
"1083",3681,3272,58
"1084",3681,3273,58
"1085",3194,3191,57
"1086",3195,3269,57
"1087",3196,3639,57
"1088",3207,3202,57
"1089",3213,3198,57
"1090",3220,3207,57
"1091",3269,3192,57
"1092",3278,3279,57
"1093",3280,3640,57
"1094",3791,3185,57
"1095",3202,3195,56
"1096",3211,3207,56
"1097",3212,3196,56
"1098",3273,3205,56
"1099",3483,3273,56
"1100",3679,3192,56
"1101",3198,3205,55
"1102",3198,3791,55
"1103",3199,3281,55
"1104",3203,3677,55
"1105",3210,3278,55
"1106",3210,3280,55
"1107",3212,3791,55
"1108",3220,3211,55
"1109",3225,3639,55
"1110",3677,3203,55
"1111",3681,3214,55
"1112",3186,3640,54
"1113",3194,3639,54
"1114",3207,3792,54
"1115",3209,3279,54
"1116",3212,3202,54
"1117",3220,3206,54
"1118",3275,3273,54
"1119",3276,3268,54
"1120",3277,3280,54
"1121",3277,3694,54
"1122",3638,3481,54
"1123",3677,3186,54
"1124",3679,3211,54
"1125",3681,3194,54
"1126",3681,3278,54
"1127",3193,3202,53
"1128",3196,3269,53
"1129",3198,3281,53
"1130",3199,3210,53
"1131",3199,3640,53
"1132",3203,3277,53
"1133",3209,3270,53
"1134",3279,3278,53
"1135",3481,3270,53
"1136",3678,3225,53
"1137",3185,3194,52
"1138",3202,3196,52
"1139",3209,3195,52
"1140",3212,3276,52
"1141",3225,3267,52
"1142",3275,3278,52
"1143",3279,3213,52
"1144",3280,3185,52
"1145",3678,3192,52
"1146",3185,3198,51
"1147",3186,3195,51
"1148",3214,3269,51
"1149",3225,3681,51
"1150",3275,3191,51
"1151",3278,3275,51
"1152",3280,3210,51
"1153",3481,3483,51
"1154",3639,3198,51
"1155",3640,3678,51
"1156",3678,3640,51
"1157",3191,3275,50
"1158",3193,3792,50
"1159",3194,3213,50
"1160",3209,3206,50
"1161",3220,3209,50
"1162",3225,3481,50
"1163",3268,3184,50
"1164",3268,3681,50
"1165",3269,3196,50
"1166",3278,3210,50
"1167",3281,3198,50
"1168",3640,3639,50
"1169",3678,3185,50
"1170",3678,3792,50
"1171",3193,3211,49
"1172",3199,3196,49
"1173",3201,3199,49
"1174",3201,3792,49
"1175",3210,3203,49
"1176",3213,3195,49
"1177",3214,3213,49
"1178",3225,3209,49
"1179",3225,3276,49
"1180",3268,3639,49
"1181",3278,3276,49
"1182",3679,3203,49
"1183",3791,3196,49
"1184",3791,3272,49
"1185",3792,3483,49
"1186",3184,3194,48
"1187",3185,3791,48
"1188",3198,3220,48
"1189",3205,3278,48
"1190",3207,3276,48
"1191",3213,3278,48
"1192",3220,3640,48
"1193",3277,3187,48
"1194",3481,3279,48
"1195",3640,3220,48
"1196",3640,3679,48
"1197",3679,3202,48
"1198",3791,3210,48
"1199",3184,3791,47
"1200",3187,3225,47
"1201",3192,3269,47
"1202",3194,3277,47
"1203",3202,3220,47
"1204",3206,3220,47
"1205",3209,3196,47
"1206",3209,3268,47
"1207",3212,3203,47
"1208",3214,3270,47
"1209",3220,3281,47
"1210",3268,3277,47
"1211",3681,3279,47
"1212",3194,3677,46
"1213",3195,3268,46
"1214",3196,3791,46
"1215",3203,3194,46
"1216",3206,3213,46
"1217",3210,3792,46
"1218",3267,3272,46
"1219",3269,3214,46
"1220",3269,3225,46
"1221",3694,3205,46
"1222",3792,3195,46
"1223",3184,3679,45
"1224",3185,3280,45
"1225",3192,3278,45
"1226",3194,3209,45
"1227",3196,3212,45
"1228",3202,3194,45
"1229",3206,3272,45
"1230",3206,3483,45
"1231",3209,3269,45
"1232",3210,3185,45
"1233",3213,3206,45
"1234",3214,3481,45
"1235",3225,3191,45
"1236",3268,3279,45
"1237",3483,3214,45
"1238",3678,3203,45
"1239",3679,3678,45
"1240",3681,3268,45
"1241",3694,3191,45
"1242",3184,3277,44
"1243",3187,3279,44
"1244",3194,3184,44
"1245",3196,3207,44
"1246",3198,3185,44
"1247",3199,3207,44
"1248",3214,3483,44
"1249",3220,3198,44
"1250",3225,3273,44
"1251",3268,3209,44
"1252",3272,3214,44
"1253",3273,3268,44
"1254",3273,3275,44
"1255",3277,3213,44
"1256",3481,3272,44
"1257",3483,3194,44
"1258",3638,3198,44
"1259",3640,3187,44
"1260",3677,3194,44
"1261",3681,3270,44
"1262",3186,3201,43
"1263",3195,3185,43
"1264",3195,3483,43
"1265",3198,3207,43
"1266",3198,3639,43
"1267",3201,3220,43
"1268",3209,3791,43
"1269",3212,3199,43
"1270",3268,3278,43
"1271",3272,3206,43
"1272",3275,3206,43
"1273",3275,3791,43
"1274",3279,3273,43
"1275",3279,3638,43
"1276",3483,3272,43
"1277",3639,3206,43
"1278",3677,3191,43
"1279",3677,3792,43
"1280",3694,3185,43
"1281",3193,3187,42
"1282",3194,3220,42
"1283",3198,3276,42
"1284",3207,3273,42
"1285",3211,3210,42
"1286",3211,3212,42
"1287",3211,3220,42
"1288",3211,3277,42
"1289",3272,3267,42
"1290",3483,3270,42
"1291",3639,3195,42
"1292",3694,3277,42
"1293",3791,3213,42
"1294",3792,3220,42
"1295",3193,3638,41
"1296",3194,3273,41
"1297",3198,3209,41
"1298",3201,3194,41
"1299",3205,3694,41
"1300",3206,3679,41
"1301",3207,3185,41
"1302",3209,3198,41
"1303",3211,3194,41
"1304",3211,3196,41
"1305",3270,3209,41
"1306",3270,3481,41
"1307",3272,3483,41
"1308",3273,3206,41
"1309",3277,3211,41
"1310",3483,3269,41
"1311",3640,3211,41
"1312",3679,3199,41
"1313",3192,3678,40
"1314",3193,3206,40
"1315",3211,3280,40
"1316",3220,3638,40
"1317",3273,3483,40
"1318",3277,3195,40
"1319",3481,3273,40
"1320",3640,3186,40
"1321",3694,3211,40
"1322",3791,3483,40
"1323",3186,3212,39
"1324",3191,3225,39
"1325",3191,3678,39
"1326",3198,3273,39
"1327",3203,3210,39
"1328",3206,3185,39
"1329",3206,3273,39
"1330",3209,3212,39
"1331",3209,3483,39
"1332",3213,3279,39
"1333",3268,3273,39
"1334",3268,3694,39
"1335",3273,3214,39
"1336",3280,3191,39
"1337",3638,3195,39
"1338",3677,3192,39
"1339",3678,3211,39
"1340",3678,3220,39
"1341",3678,3679,39
"1342",3681,3269,39
"1343",3792,3194,39
"1344",3185,3196,38
"1345",3185,3694,38
"1346",3187,3193,38
"1347",3194,3206,38
"1348",3198,3187,38
"1349",3201,3210,38
"1350",3207,3212,38
"1351",3207,3220,38
"1352",3209,3207,38
"1353",3220,3792,38
"1354",3225,3279,38
"1355",3268,3202,38
"1356",3270,3483,38
"1357",3276,3206,38
"1358",3279,3214,38
"1359",3281,3202,38
"1360",3481,3214,38
"1361",3678,3201,38
"1362",3792,3193,38
"1363",3185,3678,37
"1364",3191,3280,37
"1365",3192,3206,37
"1366",3193,3213,37
"1367",3195,3273,37
"1368",3196,3792,37
"1369",3201,3202,37
"1370",3201,3639,37
"1371",3206,3194,37
"1372",3220,3275,37
"1373",3267,3483,37
"1374",3272,3481,37
"1375",3276,3194,37
"1376",3276,3198,37
"1377",3280,3184,37
"1378",3481,3209,37
"1379",3481,3225,37
"1380",3483,3209,37
"1381",3639,3196,37
"1382",3640,3203,37
"1383",3679,3225,37
"1384",3187,3198,36
"1385",3195,3276,36
"1386",3199,3201,36
"1387",3199,3679,36
"1388",3202,3268,36
"1389",3206,3270,36
"1390",3209,3481,36
"1391",3210,3201,36
"1392",3211,3198,36
"1393",3220,3212,36
"1394",3225,3280,36
"1395",3267,3225,36
"1396",3269,3481,36
"1397",3269,3677,36
"1398",3270,3279,36
"1399",3278,3198,36
"1400",3279,3269,36
"1401",3640,3198,36
"1402",3640,3677,36
"1403",3791,3209,36
"1404",3184,3193,35
"1405",3193,3681,35
"1406",3194,3210,35
"1407",3198,3278,35
"1408",3202,3210,35
"1409",3206,3196,35
"1410",3206,3280,35
"1411",3207,3206,35
"1412",3209,3225,35
"1413",3210,3483,35
"1414",3211,3694,35
"1415",3212,3220,35
"1416",3212,3483,35
"1417",3213,3194,35
"1418",3213,3791,35
"1419",3220,3194,35
"1420",3225,3210,35
"1421",3273,3481,35
"1422",3275,3225,35
"1423",3639,3268,35
"1424",3678,3199,35
"1425",3679,3792,35
"1426",3791,3212,35
"1427",3184,3677,34
"1428",3187,3268,34
"1429",3192,3694,34
"1430",3193,3192,34
"1431",3193,3199,34
"1432",3195,3791,34
"1433",3203,3220,34
"1434",3206,3207,34
"1435",3206,3677,34
"1436",3210,3193,34
"1437",3210,3275,34
"1438",3220,3203,34
"1439",3225,3198,34
"1440",3268,3638,34
"1441",3269,3483,34
"1442",3273,3198,34
"1443",3273,3212,34
"1444",3278,3483,34
"1445",3279,3209,34
"1446",3279,3225,34
"1447",3280,3225,34
"1448",3679,3185,34
"1449",3679,3694,34
"1450",3694,3192,34
"1451",3694,3193,34
"1452",3187,3196,33
"1453",3193,3184,33
"1454",3194,3267,33
"1455",3194,3481,33
"1456",3194,3638,33
"1457",3194,3681,33
"1458",3195,3184,33
"1459",3196,3273,33
"1460",3220,3225,33
"1461",3677,3184,33
"1462",3681,3225,33
"1463",3186,3207,32
"1464",3191,3192,32
"1465",3198,3225,32
"1466",3198,3483,32
"1467",3201,3186,32
"1468",3205,3195,32
"1469",3209,3214,32
"1470",3212,3279,32
"1471",3214,3272,32
"1472",3276,3225,32
"1473",3277,3199,32
"1474",3277,3225,32
"1475",3277,3639,32
"1476",3278,3791,32
"1477",3279,3270,32
"1478",3677,3640,32
"1479",3679,3191,32
"1480",3791,3275,32
"1481",3791,3278,32
"1482",3184,3198,31
"1483",3186,3677,31
"1484",3194,3201,31
"1485",3194,3279,31
"1486",3195,3278,31
"1487",3195,3639,31
"1488",3203,3196,31
"1489",3206,3791,31
"1490",3209,3210,31
"1491",3214,3273,31
"1492",3277,3203,31
"1493",3278,3268,31
"1494",3279,3268,31
"1495",3280,3213,31
"1496",3481,3269,31
"1497",3638,3193,31
"1498",3694,3679,31
"1499",3791,3681,31
"1500",3184,3195,30
"1501",3187,3640,30
"1502",3192,3679,30
"1503",3196,3638,30
"1504",3198,3272,30
"1505",3205,3194,30
"1506",3206,3184,30
"1507",3209,3278,30
"1508",3210,3187,30
"1509",3212,3185,30
"1510",3220,3193,30
"1511",3225,3277,30
"1512",3269,3206,30
"1513",3275,3220,30
"1514",3277,3681,30
"1515",3281,3186,30
"1516",3281,3638,30
"1517",3483,3206,30
"1518",3640,3277,30
"1519",3678,3191,30
"1520",3694,3638,30
"1521",3791,3270,30
"1522",3195,3272,29
"1523",3199,3193,29
"1524",3199,3268,29
"1525",3203,3193,29
"1526",3206,3681,29
"1527",3210,3270,29
"1528",3220,3201,29
"1529",3225,3678,29
"1530",3267,3268,29
"1531",3268,3187,29
"1532",3277,3679,29
"1533",3278,3209,29
"1534",3481,3278,29
"1535",3483,3267,29
"1536",3640,3638,29
"1537",3678,3205,29
"1538",3791,3184,29
"1539",3191,3679,28
"1540",3192,3191,28
"1541",3193,3268,28
"1542",3194,3198,28
"1543",3194,3281,28
"1544",3195,3270,28
"1545",3196,3185,28
"1546",3201,3184,28
"1547",3201,3279,28
"1548",3201,3281,28
"1549",3203,3212,28
"1550",3206,3678,28
"1551",3210,3639,28
"1552",3210,3791,28
"1553",3212,3207,28
"1554",3214,3640,28
"1555",3220,3192,28
"1556",3270,3206,28
"1557",3273,3195,28
"1558",3273,3207,28
"1559",3279,3791,28
"1560",3280,3202,28
"1561",3280,3203,28
"1562",3280,3205,28
"1563",3638,3220,28
"1564",3679,3205,28
"1565",3792,3640,28
"1566",3185,3195,27
"1567",3187,3195,27
"1568",3191,3186,27
"1569",3194,3268,27
"1570",3194,3275,27
"1571",3201,3192,27
"1572",3202,3201,27
"1573",3206,3278,27
"1574",3207,3639,27
"1575",3211,3679,27
"1576",3270,3214,27
"1577",3273,3225,27
"1578",3277,3202,27
"1579",3279,3212,27
"1580",3679,3213,27
"1581",3694,3268,27
"1582",3792,3196,27
"1583",3792,3679,27
"1584",3191,3185,26
"1585",3193,3639,26
"1586",3195,3275,26
"1587",3198,3213,26
"1588",3202,3277,26
"1589",3202,3281,26
"1590",3212,3205,26
"1591",3214,3209,26
"1592",3225,3268,26
"1593",3268,3194,26
"1594",3269,3279,26
"1595",3273,3277,26
"1596",3275,3198,26
"1597",3277,3184,26
"1598",3278,3220,26
"1599",3280,3792,26
"1600",3677,3185,26
"1601",3678,3210,26
"1602",3679,3481,26
"1603",3694,3203,26
"1604",3185,3679,25
"1605",3194,3187,25
"1606",3198,3184,25
"1607",3207,3203,25
"1608",3207,3213,25
"1609",3210,3225,25
"1610",3212,3273,25
"1611",3270,3198,25
"1612",3272,3195,25
"1613",3276,3196,25
"1614",3280,3199,25
"1615",3483,3277,25
"1616",3639,3193,25
"1617",3639,3277,25
"1618",3639,3281,25
"1619",3640,3209,25
"1620",3677,3202,25
"1621",3694,3187,25
"1622",3192,3677,24
"1623",3193,3210,24
"1624",3193,3481,24
"1625",3201,3198,24
"1626",3201,3203,24
"1627",3210,3192,24
"1628",3210,3194,24
"1629",3210,3205,24
"1630",3210,3679,24
"1631",3212,3225,24
"1632",3212,3638,24
"1633",3214,3268,24
"1634",3214,3279,24
"1635",3225,3220,24
"1636",3225,3272,24
"1637",3268,3267,24
"1638",3269,3210,24
"1639",3272,3198,24
"1640",3273,3279,24
"1641",3276,3195,24
"1642",3280,3276,24
"1643",3281,3207,24
"1644",3639,3280,24
"1645",3639,3640,24
"1646",3640,3185,24
"1647",3640,3191,24
"1648",3677,3225,24
"1649",3678,3213,24
"1650",3681,3791,24
"1651",3791,3206,24
"1652",3791,3269,24
"1653",3196,3213,23
"1654",3196,3275,23
"1655",3198,3681,23
"1656",3203,3640,23
"1657",3205,3280,23
"1658",3207,3267,23
"1659",3207,3638,23
"1660",3210,3213,23
"1661",3210,3269,23
"1662",3211,3281,23
"1663",3220,3191,23
"1664",3220,3196,23
"1665",3220,3272,23
"1666",3225,3196,23
"1667",3268,3483,23
"1668",3277,3267,23
"1669",3277,3273,23
"1670",3278,3214,23
"1671",3280,3187,23
"1672",3281,3193,23
"1673",3679,3210,23
"1674",3681,3277,23
"1675",3191,3792,22
"1676",3193,3694,22
"1677",3196,3220,22
"1678",3198,3194,22
"1679",3199,3212,22
"1680",3201,3638,22
"1681",3205,3196,22
"1682",3207,3281,22
"1683",3212,3213,22
"1684",3220,3278,22
"1685",3220,3678,22
"1686",3270,3196,22
"1687",3272,3220,22
"1688",3276,3280,22
"1689",3277,3279,22
"1690",3278,3206,22
"1691",3279,3193,22
"1692",3279,3194,22
"1693",3280,3483,22
"1694",3483,3198,22
"1695",3483,3791,22
"1696",3640,3269,22
"1697",3677,3206,22
"1698",3678,3483,22
"1699",3679,3276,22
"1700",3679,3277,22
"1701",3792,3677,22
"1702",3792,3678,22
"1703",3186,3281,21
"1704",3193,3279,21
"1705",3194,3269,21
"1706",3194,3270,21
"1707",3198,3192,21
"1708",3201,3211,21
"1709",3202,3640,21
"1710",3203,3694,21
"1711",3206,3481,21
"1712",3210,3638,21
"1713",3212,3639,21
"1714",3213,3280,21
"1715",3220,3187,21
"1716",3268,3195,21
"1717",3268,3275,21
"1718",3269,3194,21
"1719",3269,3791,21
"1720",3273,3194,21
"1721",3638,3196,21
"1722",3638,3277,21
"1723",3791,3195,21
"1724",3791,3220,21
"1725",3792,3201,21
"1726",3792,3280,21
"1727",3184,3206,20
"1728",3185,3206,20
"1729",3185,3220,20
"1730",3185,3677,20
"1731",3191,3202,20
"1732",3192,3193,20
"1733",3192,3198,20
"1734",3193,3203,20
"1735",3193,3269,20
"1736",3195,3267,20
"1737",3195,3481,20
"1738",3201,3273,20
"1739",3202,3677,20
"1740",3203,3679,20
"1741",3206,3279,20
"1742",3207,3192,20
"1743",3209,3193,20
"1744",3210,3272,20
"1745",3212,3792,20
"1746",3220,3679,20
"1747",3225,3278,20
"1748",3268,3225,20
"1749",3269,3679,20
"1750",3273,3196,20
"1751",3275,3196,20
"1752",3275,3210,20
"1753",3276,3212,20
"1754",3277,3194,20
"1755",3277,3638,20
"1756",3277,3678,20
"1757",3278,3281,20
"1758",3281,3203,20
"1759",3281,3209,20
"1760",3483,3193,20
"1761",3638,3268,20
"1762",3638,3677,20
"1763",3640,3196,20
"1764",3640,3483,20
"1765",3678,3202,20
"1766",3678,3275,20
"1767",3678,3638,20
"1768",3681,3679,20
"1769",3791,3279,20
"1770",3791,3481,20
"1771",3792,3212,20
"1772",3186,3191,19
"1773",3191,3194,19
"1774",3191,3205,19
"1775",3193,3220,19
"1776",3193,3272,19
"1777",3193,3277,19
"1778",3193,3483,19
"1779",3195,3681,19
"1780",3196,3187,19
"1781",3196,3278,19
"1782",3199,3277,19
"1783",3201,3209,19
"1784",3201,3677,19
"1785",3202,3694,19
"1786",3203,3280,19
"1787",3205,3193,19
"1788",3205,3679,19
"1789",3206,3277,19
"1790",3209,3194,19
"1791",3211,3201,19
"1792",3211,3640,19
"1793",3212,3187,19
"1794",3220,3273,19
"1795",3220,3276,19
"1796",3220,3280,19
"1797",3225,3677,19
"1798",3225,3694,19
"1799",3269,3678,19
"1800",3280,3481,19
"1801",3280,3638,19
"1802",3640,3205,19
"1803",3640,3214,19
"1804",3677,3213,19
"1805",3678,3206,19
"1806",3678,3268,19
"1807",3679,3273,19
"1808",3679,3483,19
"1809",3681,3206,19
"1810",3791,3268,19
"1811",3792,3210,19
"1812",3198,3270,18
"1813",3202,3280,18
"1814",3206,3191,18
"1815",3206,3267,18
"1816",3207,3187,18
"1817",3209,3277,18
"1818",3210,3273,18
"1819",3210,3277,18
"1820",3210,3677,18
"1821",3211,3677,18
"1822",3212,3278,18
"1823",3214,3278,18
"1824",3214,3791,18
"1825",3220,3270,18
"1826",3270,3677,18
"1827",3270,3791,18
"1828",3278,3481,18
"1829",3280,3209,18
"1830",3280,3639,18
"1831",3281,3211,18
"1832",3281,3278,18
"1833",3638,3212,18
"1834",3640,3192,18
"1835",3640,3273,18
"1836",3677,3638,18
"1837",3191,3203,17
"1838",3192,3201,17
"1839",3193,3276,17
"1840",3193,3281,17
"1841",3198,3280,17
"1842",3201,3191,17
"1843",3201,3275,17
"1844",3203,3281,17
"1845",3206,3201,17
"1846",3209,3220,17
"1847",3210,3678,17
"1848",3213,3193,17
"1849",3267,3198,17
"1850",3269,3195,17
"1851",3272,3225,17
"1852",3272,3277,17
"1853",3273,3220,17
"1854",3273,3677,17
"1855",3276,3193,17
"1856",3279,3201,17
"1857",3281,3201,17
"1858",3281,3220,17
"1859",3281,3677,17
"1860",3639,3212,17
"1861",3640,3272,17
"1862",3677,3639,17
"1863",3678,3273,17
"1864",3679,3206,17
"1865",3679,3639,17
"1866",3681,3280,17
"1867",3694,3273,17
"1868",3791,3214,17
"1869",3792,3191,17
"1870",3185,3207,16
"1871",3185,3210,16
"1872",3187,3210,16
"1873",3191,3638,16
"1874",3192,3640,16
"1875",3193,3205,16
"1876",3193,3273,16
"1877",3196,3272,16
"1878",3196,3276,16
"1879",3196,3279,16
"1880",3201,3207,16
"1881",3203,3678,16
"1882",3207,3193,16
"1883",3220,3185,16
"1884",3225,3212,16
"1885",3267,3207,16
"1886",3268,3199,16
"1887",3268,3214,16
"1888",3269,3198,16
"1889",3269,3268,16
"1890",3272,3281,16
"1891",3275,3194,16
"1892",3275,3277,16
"1893",3277,3193,16
"1894",3277,3275,16
"1895",3278,3195,16
"1896",3279,3277,16
"1897",3281,3483,16
"1898",3638,3678,16
"1899",3639,3210,16
"1900",3677,3275,16
"1901",3678,3639,16
"1902",3694,3196,16
"1903",3694,3225,16
"1904",3792,3694,16
"1905",3184,3196,15
"1906",3184,3280,15
"1907",3187,3220,15
"1908",3191,3640,15
"1909",3193,3275,15
"1910",3196,3205,15
"1911",3196,3270,15
"1912",3196,3640,15
"1913",3198,3268,15
"1914",3198,3269,15
"1915",3198,3279,15
"1916",3201,3185,15
"1917",3201,3206,15
"1918",3205,3191,15
"1919",3205,3212,15
"1920",3207,3269,15
"1921",3209,3201,15
"1922",3212,3192,15
"1923",3212,3201,15
"1924",3212,3269,15
"1925",3212,3272,15
"1926",3213,3677,15
"1927",3220,3483,15
"1928",3267,3195,15
"1929",3267,3277,15
"1930",3270,3220,15
"1931",3272,3280,15
"1932",3275,3193,15
"1933",3277,3209,15
"1934",3277,3272,15
"1935",3278,3212,15
"1936",3280,3198,15
"1937",3280,3273,15
"1938",3280,3681,15
"1939",3281,3212,15
"1940",3281,3639,15
"1941",3281,3792,15
"1942",3483,3220,15
"1943",3678,3187,15
"1944",3678,3196,15
"1945",3679,3268,15
"1946",3191,3277,14
"1947",3194,3196,14
"1948",3196,3201,14
"1949",3196,3225,14
"1950",3198,3201,14
"1951",3198,3640,14
"1952",3198,3677,14
"1953",3198,3678,14
"1954",3202,3191,14
"1955",3202,3678,14
"1956",3206,3214,14
"1957",3207,3278,14
"1958",3209,3640,14
"1959",3210,3267,14
"1960",3213,3210,14
"1961",3220,3677,14
"1962",3270,3194,14
"1963",3270,3195,14
"1964",3270,3210,14
"1965",3270,3225,14
"1966",3272,3694,14
"1967",3277,3191,14
"1968",3280,3279,14
"1969",3481,3193,14
"1970",3481,3206,14
"1971",3483,3677,14
"1972",3677,3211,14
"1973",3677,3269,14
"1974",3677,3277,14
"1975",3677,3679,14
"1976",3678,3209,14
"1977",3679,3209,14
"1978",3681,3198,14
"1979",3791,3193,14
"1980",3185,3212,13
"1981",3187,3207,13
"1982",3191,3677,13
"1983",3192,3196,13
"1984",3194,3212,13
"1985",3194,3278,13
"1986",3195,3214,13
"1987",3195,3279,13
"1988",3196,3184,13
"1989",3196,3281,13
"1990",3196,3483,13
"1991",3196,3678,13
"1992",3207,3201,13
"1993",3207,3205,13
"1994",3209,3281,13
"1995",3213,3220,13
"1996",3213,3679,13
"1997",3225,3281,13
"1998",3268,3791,13
"1999",3272,3212,13
"2000",3273,3193,13
"2001",3273,3280,13
"2002",3276,3191,13
"2003",3276,3694,13
"2004",3277,3481,13
"2005",3279,3198,13
"2006",3281,3679,13
"2007",3481,3198,13
"2008",3638,3191,13
"2009",3638,3640,13
"2010",3639,3201,13
"2011",3677,3201,13
"2012",3678,3184,13
"2013",3679,3275,13
"2014",3791,3194,13
"2015",3191,3198,12
"2016",3191,3206,12
"2017",3191,3681,12
"2018",3193,3207,12
"2019",3193,3212,12
"2020",3193,3214,12
"2021",3196,3192,12
"2022",3198,3267,12
"2023",3201,3791,12
"2024",3202,3207,12
"2025",3206,3268,12
"2026",3206,3694,12
"2027",3207,3275,12
"2028",3207,3279,12
"2029",3207,3481,12
"2030",3214,3225,12
"2031",3220,3268,12
"2032",3220,3791,12
"2033",3225,3270,12
"2034",3268,3481,12
"2035",3273,3640,12
"2036",3273,3678,12
"2037",3273,3694,12
"2038",3275,3195,12
"2039",3275,3268,12
"2040",3276,3207,12
"2041",3276,3210,12
"2042",3277,3269,12
"2043",3279,3678,12
"2044",3281,3276,12
"2045",3481,3277,12
"2046",3481,3791,12
"2047",3677,3694,12
"2048",3678,3277,12
"2049",3678,3279,12
"2050",3679,3220,12
"2051",3679,3269,12
"2052",3679,3677,12
"2053",3679,3681,12
"2054",3694,3677,12
"2055",3184,3694,11
"2056",3185,3191,11
"2057",3187,3677,11
"2058",3193,3791,11
"2059",3198,3277,11
"2060",3198,3694,11
"2061",3199,3191,11
"2062",3199,3678,11
"2063",3201,3196,11
"2064",3202,3679,11
"2065",3205,3677,11
"2066",3212,3194,11
"2067",3220,3184,11
"2068",3225,3214,11
"2069",3270,3268,11
"2070",3273,3210,11
"2071",3278,3280,11
"2072",3279,3196,11
"2073",3280,3206,11
"2074",3281,3225,11
"2075",3481,3678,11
"2076",3483,3195,11
"2077",3483,3280,11
"2078",3638,3210,11
"2079",3639,3207,11
"2080",3640,3184,11
"2081",3640,3278,11
"2082",3678,3267,11
"2083",3679,3638,11
"2084",3792,3207,11
"2085",3184,3201,10
"2086",3185,173,10
"2087",3185,3201,10
"2088",3185,3640,10
"2089",3187,3212,10
"2090",3191,3213,10
"2091",3193,3198,10
"2092",3194,3272,10
"2093",3198,3193,10
"2094",3203,3207,10
"2095",3205,3281,10
"2096",3207,3483,10
"2097",3210,3184,10
"2098",3210,3268,10
"2099",3210,3276,10
"2100",3210,3481,10
"2101",3211,3191,10
"2102",3214,3193,10
"2103",3214,3195,10
"2104",3214,3206,10
"2105",3225,3207,10
"2106",3268,3191,10
"2107",3268,3679,10
"2108",3269,3193,10
"2109",3269,3220,10
"2110",3272,3194,10
"2111",3275,3640,10
"2112",3276,3220,10
"2113",3280,3270,10
"2114",3281,3194,10
"2115",3481,3212,10
"2116",3483,3640,10
"2117",3483,3679,10
"2118",3638,3280,10
"2119",3639,3678,10
"2120",3640,3270,10
"2121",3677,3187,10
"2122",3677,3210,10
"2123",3677,3791,10
"2124",3679,3196,10
"2125",3679,3272,10
"2126",3694,3206,10
"2127",3694,3640,10
"2128",3792,3281,10
"2129",3184,3220,9
"2130",3191,3268,9
"2131",3192,3212,9
"2132",3193,3196,9
"2133",3193,3278,9
"2134",3194,3791,9
"2135",3196,3193,9
"2136",3196,3277,9
"2137",3198,3275,9
"2138",3201,3483,9
"2139",3203,3191,9
"2140",3207,3277,9
"2141",3212,3267,9
"2142",3213,3191,9
"2143",3213,3196,9
"2144",3213,3207,9
"2145",3213,3694,9
"2146",3220,3269,9
"2147",3267,3194,9
"2148",3267,3210,9
"2149",3267,3679,9
"2150",3270,3277,9
"2151",3275,3679,9
"2152",3277,3278,9
"2153",3278,3196,9
"2154",3278,3225,9
"2155",3279,3280,9
"2156",3279,3694,9
"2157",3280,3220,9
"2158",3280,3267,9
"2159",3280,3272,9
"2160",3280,3275,9
"2161",3281,3196,9
"2162",3281,3213,9
"2163",3281,3272,9
"2164",3281,3273,9
"2165",3281,3791,9
"2166",3481,3280,9
"2167",3483,3191,9
"2168",3638,3201,9
"2169",3638,3207,9
"2170",3638,3679,9
"2171",3640,3213,9
"2172",3640,3694,9
"2173",3677,3481,9
"2174",3677,3483,9
"2175",3678,3278,9
"2176",3678,3281,9
"2177",3679,3279,9
"2178",3681,3677,9
"2179",3694,3201,9
"2180",3694,3272,9
"2181",3187,3280,8
"2182",3191,3211,8
"2183",3191,3639,8
"2184",3192,3210,8
"2185",3193,3209,8
"2186",3193,3267,8
"2187",3194,3214,8
"2188",3196,3178,8
"2189",3196,3194,8
"2190",3196,3267,8
"2191",3198,3214,8
"2192",3201,3679,8
"2193",3203,3201,8
"2194",3207,3184,8
"2195",3207,3225,8
"2196",3207,3272,8
"2197",3210,3681,8
"2198",3211,3678,8
"2199",3212,3270,8
"2200",3213,3212,8
"2201",3213,3678,8
"2202",3220,3214,8
"2203",3220,3694,8
"2204",3267,3196,8
"2205",3267,3206,8
"2206",3267,3220,8
"2207",3268,3269,8
"2208",3269,3191,8
"2209",3269,3640,8
"2210",3273,3191,8
"2211",3275,3280,8
"2212",3275,3677,8
"2213",3276,3281,8
"2214",3277,3206,8
"2215",3277,3210,8
"2216",3280,3677,8
"2217",3281,3694,8
"2218",3481,3191,8
"2219",3481,3194,8
"2220",3481,3195,8
"2221",3483,3196,8
"2222",3483,3678,8
"2223",3638,3281,8
"2224",3640,3275,8
"2225",3640,3481,8
"2226",3677,3220,8
"2227",3678,3212,8
"2228",3678,3269,8
"2229",3678,3481,8
"2230",3678,3681,8
"2231",3679,3198,8
"2232",3681,3195,8
"2233",3681,3212,8
"2234",3694,3198,8
"2235",3694,3202,8
"2236",3694,3279,8
"2237",3791,3640,8
"2238",3184,3207,7
"2239",3184,3210,7
"2240",3184,3281,7
"2241",3187,3277,7
"2242",3187,3694,7
"2243",3191,3187,7
"2244",3191,3273,7
"2245",3191,3281,7
"2246",3193,3270,7
"2247",3196,3214,7
"2248",3196,3280,7
"2249",3196,3679,7
"2250",3199,3280,7
"2251",3201,3212,7
"2252",3201,3481,7
"2253",3205,3220,7
"2254",3206,3281,7
"2255",3209,3280,7
"2256",3209,3678,7
"2257",3212,3193,7
"2258",3212,3275,7
"2259",3213,3201,7
"2260",3214,3194,7
"2261",3220,3205,7
"2262",3220,3277,7
"2263",3267,3191,7
"2264",3267,3212,7
"2265",3267,3280,7
"2266",3268,3270,7
"2267",3270,3212,7
"2268",3273,3201,7
"2269",3277,3198,7
"2270",3277,3270,7
"2271",3277,3483,7
"2272",3278,3277,7
"2273",3279,3206,7
"2274",3281,3184,7
"2275",3281,3205,7
"2276",3281,3270,7
"2277",3481,3268,7
"2278",3483,3212,7
"2279",3677,3196,7
"2280",3677,3267,7
"2281",3677,3268,7
"2282",3679,3187,7
"2283",3679,3267,7
"2284",3681,3193,7
"2285",3694,3199,7
"2286",3694,3209,7
"2287",3791,3191,7
"2288",3791,3201,7
"2289",3791,3280,7
"2290",3184,3191,6
"2291",3186,3426,6
"2292",3187,3191,6
"2293",3191,3199,6
"2294",3191,3201,6
"2295",3191,3210,6
"2296",3191,3220,6
"2297",3194,3207,6
"2298",3198,3191,6
"2299",3201,3205,6
"2300",3201,3269,6
"2301",3201,3272,6
"2302",3201,3681,6
"2303",3201,3694,6
"2304",3205,3640,6
"2305",3207,3268,6
"2306",3209,3679,6
"2307",3209,3694,6
"2308",3214,3281,6
"2309",3267,3677,6
"2310",3268,3220,6
"2311",3268,3677,6
"2312",3269,3277,6
"2313",3269,3280,6
"2314",3272,3196,6
"2315",3273,3281,6
"2316",3275,3212,6
"2317",3276,3640,6
"2318",3277,3220,6
"2319",3277,3791,6
"2320",3278,3193,6
"2321",3278,3201,6
"2322",3278,3207,6
"2323",3278,3677,6
"2324",3279,3195,6
"2325",3279,3679,6
"2326",3280,3196,6
"2327",3280,3201,6
"2328",3281,3269,6
"2329",3281,3275,6
"2330",3481,3201,6
"2331",3481,3207,6
"2332",3481,3694,6
"2333",3638,3694,6
"2334",3639,3679,6
"2335",3640,3279,6
"2336",3677,3207,6
"2337",3677,3278,6
"2338",3677,3281,6
"2339",3677,3681,6
"2340",3678,3694,6
"2341",3678,3791,6
"2342",3679,3278,6
"2343",3681,3678,6
"2344",3694,3213,6
"2345",3694,3483,6
"2346",3694,3681,6
"2347",3791,3225,6
"2348",3791,3277,6
"2349",3791,3677,6
"2350",3184,3212,5
"2351",3184,3640,5
"2352",3187,3281,5
"2353",3187,3678,5
"2354",3191,3269,5
"2355",3191,3276,5
"2356",3191,3483,5
"2357",3192,3207,5
"2358",3196,3268,5
"2359",3196,3681,5
"2360",3196,3694,5
"2361",3198,3992,5
"2362",3201,3213,5
"2363",3201,3280,5
"2364",3205,3207,5
"2365",3207,3270,5
"2366",3210,3214,5
"2367",3210,3694,5
"2368",3212,3281,5
"2369",3213,3640,5
"2370",3214,3198,5
"2371",3214,3207,5
"2372",3214,3280,5
"2373",3220,3213,5
"2374",3220,3481,5
"2375",3268,3193,5
"2376",3268,3640,5
"2377",3269,3212,5
"2378",3270,3191,5
"2379",3270,3640,5
"2380",3270,3678,5
"2381",3270,3679,5
"2382",3272,3207,5
"2383",3272,3210,5
"2384",3272,3640,5
"2385",3275,3201,5
"2386",3275,3207,5
"2387",3275,3678,5
"2388",3276,3679,5
"2389",3277,3640,5
"2390",3278,3194,5
"2391",3279,3220,5
"2392",3279,3640,5
"2393",3280,3791,5
"2394",3281,3206,5
"2395",3281,3267,5
"2396",3281,3280,5
"2397",3481,3196,5
"2398",3481,3210,5
"2399",3481,3677,5
"2400",3481,3679,5
"2401",3639,3191,5
"2402",3639,3677,5
"2403",3639,3694,5
"2404",3640,3267,5
"2405",3640,3791,5
"2406",3677,3198,5
"2407",3677,3273,5
"2408",3678,3214,5
"2409",3678,3272,5
"2410",3679,3201,5
"2411",3679,3214,5
"2412",3679,3270,5
"2413",3679,3281,5
"2414",3681,3694,5
"2415",3694,3276,5
"2416",3694,3639,5
"2417",3184,3678,4
"2418",3184,3919,4
"2419",3185,3281,4
"2420",3187,3201,4
"2421",3191,3267,4
"2422",3192,3220,4
"2423",3198,3481,4
"2424",3201,3187,4
"2425",3201,3267,4
"2426",3201,3276,4
"2427",3203,3919,4
"2428",3207,3280,4
"2429",3209,3191,4
"2430",3210,3191,4
"2431",3212,3184,4
"2432",3212,3214,4
"2433",3212,3677,4
"2434",3214,3210,4
"2435",3220,3681,4
"2436",3225,3791,4
"2437",3267,3193,4
"2438",3267,3640,4
"2439",3268,3196,4
"2440",3268,3201,4
"2441",3268,3206,4
"2442",3268,3678,4
"2443",3269,3207,4
"2444",3270,3201,4
"2445",3270,3694,4
"2446",3272,3193,4
"2447",3272,3677,4
"2448",3272,3679,4
"2449",3276,3201,4
"2450",3278,3191,4
"2451",3278,3694,4
"2452",3279,3677,4
"2453",3281,3185,4
"2454",3281,3187,4
"2455",3281,3192,4
"2456",3281,3678,4
"2457",3483,3201,4
"2458",3640,3276,4
"2459",3677,3212,4
"2460",3677,3279,4
"2461",3678,3198,4
"2462",3679,3207,4
"2463",3679,3791,4
"2464",3681,3196,4
"2465",3681,3201,4
"2466",3681,3207,4
"2467",3681,3210,4
"2468",3694,3220,4
"2469",3694,3678,4
"2470",3791,3678,4
"2471",3791,3992,4
"2472",3185,3426,3
"2473",3191,3184,3
"2474",3191,3196,3
"2475",3191,3209,3
"2476",3191,3214,3
"2477",3191,3270,3
"2478",3191,3279,3
"2479",3192,3426,3
"2480",3196,3191,3
"2481",3198,3679,3
"2482",3199,525,3
"2483",3199,3906,3
"2484",3199,4069,3
"2485",3201,3277,3
"2486",3201,3278,3
"2487",3206,3649,3
"2488",3207,3194,3
"2489",3207,3214,3
"2490",3207,3678,3
"2491",3207,3694,3
"2492",3212,3481,3
"2493",3212,3678,3
"2494",3212,3679,3
"2495",3213,3281,3
"2496",3214,3191,3
"2497",3214,3196,3
"2498",3214,3212,3
"2499",3214,3678,3
"2500",3220,3267,3
"2501",3220,3279,3
"2502",3267,3201,3
"2503",3268,3207,3
"2504",3270,3281,3
"2505",3272,3191,3
"2506",3272,3201,3
"2507",3272,3678,3
"2508",3277,3201,3
"2509",3277,3212,3
"2510",3277,3426,3
"2511",3277,3677,3
"2512",3280,3269,3
"2513",3280,3278,3
"2514",3280,3281,3
"2515",3281,3191,3
"2516",3483,3207,3
"2517",3483,3694,3
"2518",3638,3194,3
"2519",3677,3209,3
"2520",3677,3272,3
"2521",3681,3220,3
"2522",3681,3640,3
"2523",3791,3281,3
"2524",3791,3679,3
"2525",3791,3694,3
"2526",3184,315,2
"2527",3185,82,2
"2528",3186,3443,2
"2529",3191,3481,2
"2530",3191,3791,2
"2531",3194,3426,2
"2532",3198,525,2
"2533",3198,3150,2
"2534",3198,3906,2
"2535",3199,327,2
"2536",3199,358,2
"2537",3199,3694,2
"2538",3199,3735,2
"2539",3202,3906,2
"2540",3203,351,2
"2541",3203,3547,2
"2542",3205,3201,2
"2543",3205,3210,2
"2544",3205,3426,2
"2545",3205,3678,2
"2546",3207,3191,2
"2547",3207,3679,2
"2548",3209,3677,2
"2549",3210,500,2
"2550",3211,3426,2
"2551",3212,3268,2
"2552",3212,3280,2
"2553",3212,3681,2
"2554",3212,3694,2
"2555",3214,3220,2
"2556",3214,3679,2
"2557",3267,3281,2
"2558",3267,3678,2
"2559",3269,3201,2
"2560",3269,3694,2
"2561",3270,3193,2
"2562",3270,3207,2
"2563",3273,3623,2
"2564",3273,3679,2
"2565",3273,3992,2
"2566",3277,3207,2
"2567",3278,3678,2
"2568",3279,3191,2
"2569",3280,3212,2
"2570",3280,3214,2
"2571",3281,514,2
"2572",3281,3214,2
"2573",3281,3277,2
"2574",3281,3279,2
"2575",3281,3481,2
"2576",3481,3640,2
"2577",3483,3281,2
"2578",3638,328,2
"2579",3638,3461,2
"2580",3677,3270,2
"2581",3678,3207,2
"2582",3679,249,2
"2583",3679,3212,2
"2584",3681,3191,2
"2585",3694,3207,2
"2586",3694,3267,2
"2587",3694,3426,2
"2588",3694,3481,2
"2589",3792,3426,2
"2590",3792,3715,2
"2591",3792,4069,2
"2592",3184,127,1
"2593",3184,3504,1
"2594",3185,327,1
"2595",3186,505,1
"2596",3186,525,1
"2597",3186,540,1
"2598",3186,3475,1
"2599",3186,3664,1
"2600",3186,3794,1
"2601",3186,3992,1
"2602",3187,514,1
"2603",3187,3426,1
"2604",3187,3679,1
"2605",3187,3744,1
"2606",3187,3992,1
"2607",3191,3426,1
"2608",3192,363,1
"2609",3193,3426,1
"2610",3194,3664,1
"2611",3195,83,1
"2612",3195,476,1
"2613",3195,3426,1
"2614",3196,347,1
"2615",3196,380,1
"2616",3196,3481,1
"2617",3196,4004,1
"2618",3198,304,1
"2619",3198,3817,1
"2620",3199,324,1
"2621",3199,505,1
"2622",3199,514,1
"2623",3201,505,1
"2624",3201,3214,1
"2625",3201,3268,1
"2626",3201,3270,1
"2627",3202,534,1
"2628",3202,3578,1
"2629",3205,308,1
"2630",3205,2006,1
"2631",3206,505,1
"2632",3206,3314,1
"2633",3206,3992,1
"2634",3206,4069,1
"2635",3207,3677,1
"2636",3210,505,1
"2637",3210,3992,1
"2638",3210,4007,1
"2639",3211,143,1
"2640",3211,315,1
"2641",3211,406,1
"2642",3211,426,1
"2643",3211,495,1
"2644",3211,518,1
"2645",3211,3798,1
"2646",3212,3191,1
"2647",3212,3277,1
"2648",3213,244,1
"2649",3213,489,1
"2650",3214,3694,1
"2651",3214,4000,1
"2652",3225,3804,1
"2653",3267,3694,1
"2654",3267,3748,1
"2655",3267,4069,1
"2656",3268,3198,1
"2657",3269,3256,1
"2658",3269,3281,1
"2659",3270,3280,1
"2660",3270,4069,1
"2661",3273,285,1
"2662",3273,417,1
"2663",3273,504,1
"2664",3273,3245,1
"2665",3275,514,1
"2666",3276,476,1
"2667",3276,3256,1
"2668",3276,3934,1
"2669",3277,3196,1
"2670",3278,3679,1
"2671",3279,3207,1
"2672",3280,2021,1
"2673",3280,3207,1
"2674",3281,3540,1
"2675",3281,3681,1
"2676",3426,3426,1
"2677",3481,251,1
"2678",3481,3220,1
"2679",3481,3281,1
"2680",3483,3992,1
"2681",3638,3426,1
"2682",3638,3545,1
"2683",3639,223,1
"2684",3639,303,1
"2685",3639,347,1
"2686",3639,405,1
"2687",3639,514,1
"2688",3639,3521,1
"2689",3640,358,1
"2690",3640,3268,1
"2691",3640,3681,1
"2692",3677,3214,1
"2693",3678,3426,1
"2694",3679,3629,1
"2695",3679,3664,1
"2696",3681,2008,1
"2697",3681,3281,1
"2698",3694,3210,1
"2699",3694,3212,1
"2700",3694,3214,1
"2701",3694,3270,1
"2702",3694,3278,1
"2703",3694,3347,1
"2704",3694,3475,1
"2705",3694,3791,1
"2706",3791,223,1
"2707",3791,435,1
"2708",3791,3245,1
"2709",3791,4071,1
"2710",3792,251,1
"2711",3792,315,1
"2712",3792,480,1
"2713",3792,514,1
"2714",3792,4061,1
